ID,Lat,Lon
N00E003,0,3
N00E000,0,0
N00E045,0,45
N00E048,0,48
N00E051,0,51
N00E054,0,54
N00E057,0,57
N00E060,0,60
N00E063,0,63
N00E066,0,66
N00E069,0,69
N00E075,0,75
N00E078,0,78
N00E081,0,81
N00E084,0,84
N00E087,0,87
N00E090,0,90
N00E093,0,93
N00E153,0,153
N00E156,0,156
N00E159,0,159
N00E162,0,162
N00E168,0,168
N00E171,0,171
N00E177,0,177
N00W003,0,-3
N00W006,0,-6
N00W009,0,-9
N00W012,0,-12
N00W015,0,-15
N00W021,0,-21
N00W018,0,-18
N00W024,0,-24
N00W027,0,-27
N00W030,0,-30
N00W033,0,-33
N00W036,0,-36
N00W039,0,-39
N00W087,0,-87
N00W096,0,-96
N00W099,0,-99
N00W105,0,-105
N00W102,0,-102
N00W108,0,-108
N00W111,0,-111
N00W114,0,-114
N00W117,0,-117
N00W120,0,-120
N00W123,0,-123
N00W129,0,-129
N00W126,0,-126
N00W132,0,-132
N00W135,0,-135
N00W138,0,-138
N00W141,0,-141
N00W144,0,-144
N00W147,0,-147
N00W150,0,-150
N00W153,0,-153
N00W156,0,-156
N00W159,0,-159
N00W162,0,-162
N00W165,0,-165
N00W168,0,-168
N00W171,0,-171
N00W177,0,-177
N00W180,0,-180
N03E000,3,0
N03E003,3,3
N03E048,3,48
N03E051,3,51
N03E054,3,54
N03E057,3,57
N03E060,3,60
N03E063,3,63
N03E066,3,66
N03E069,3,69
N03E075,3,75
N03E078,3,78
N03E081,3,81
N03E084,3,84
N03E087,3,87
N03E090,3,90
N03E135,3,135
N03E138,3,138
N03E141,3,141
N03E144,3,144
N03E147,3,147
N03E150,3,150
N03E153,3,153
N03E156,3,156
N03E159,3,159
N03E162,3,162
N03E165,3,165
N03E168,3,168
N03E174,3,174
N03E177,3,177
N03W003,3,-3
N03W006,3,-6
N03W009,3,-9
N03W012,3,-12
N03W015,3,-15
N03W018,3,-18
N03W021,3,-21
N03W024,3,-24
N03W027,3,-27
N03W030,3,-30
N03W033,3,-33
N03W036,3,-36
N03W039,3,-39
N03W042,3,-42
N03W045,3,-45
N03W048,3,-48
N03W084,3,-84
N03W087,3,-87
N03W096,3,-96
N03W099,3,-99
N03W102,3,-102
N03W105,3,-105
N03W108,3,-108
N03W111,3,-111
N03W114,3,-114
N03W117,3,-117
N03W120,3,-120
N03W123,3,-123
N03W126,3,-126
N03W129,3,-129
N03W132,3,-132
N03W135,3,-135
N03W138,3,-138
N03W141,3,-141
N03W144,3,-144
N03W147,3,-147
N03W150,3,-150
N03W153,3,-153
N03W156,3,-156
N03W162,3,-162
N03W165,3,-165
N03W168,3,-168
N03W171,3,-171
N03W174,3,-174
N03W177,3,-177
N03W180,3,-180
N06E051,6,51
N06E054,6,54
N06E057,6,57
N06E060,6,60
N06E063,6,63
N06E066,6,66
N06E069,6,69
N06E075,6,75
N06E081,6,81
N06E084,6,84
N06E087,6,87
N06E090,6,90
N06E129,6,129
N06E132,6,132
N06E135,6,135
N06E138,6,138
N06E141,6,141
N06E144,6,144
N06E147,6,147
N06E150,6,150
N06E159,6,159
N06E165,6,165
N06E174,6,174
N06E177,6,177
N06W015,6,-15
N06W018,6,-18
N06W021,6,-21
N06W024,6,-24
N06W027,6,-27
N06W030,6,-30
N06W033,6,-33
N06W036,6,-36
N06W039,6,-39
N06W042,6,-42
N06W045,6,-45
N06W048,6,-48
N06W084,6,-84
N06W087,6,-87
N06W090,6,-90
N06W093,6,-93
N06W096,6,-96
N06W099,6,-99
N06W102,6,-102
N06W105,6,-105
N06W108,6,-108
N06W111,6,-111
N06W114,6,-114
N06W117,6,-117
N06W120,6,-120
N06W123,6,-123
N06W126,6,-126
N06W129,6,-129
N06W132,6,-132
N06W135,6,-135
N06W138,6,-138
N06W141,6,-141
N06W144,6,-144
N06W147,6,-147
N06W150,6,-150
N06W153,6,-153
N06W156,6,-156
N06W159,6,-159
N06W165,6,-165
N06W168,6,-168
N06W171,6,-171
N06W174,6,-174
N06W177,6,-177
N06W180,6,-180
N09E051,9,51
N09E054,9,54
N09E057,9,57
N09E060,9,60
N09E063,9,63
N09E066,9,66
N09E069,9,69
N09E084,9,84
N09E087,9,87
N09E108,9,108
N09E129,9,129
N09E135,9,135
N09E138,9,138
N09E141,9,141
N09E144,9,144
N09E147,9,147
N09E153,9,153
N09E159,9,159
N09E162,9,162
N09E174,9,174
N09E177,9,177
N09W018,9,-18
N09W021,9,-21
N09W024,9,-24
N09W027,9,-27
N09W030,9,-30
N09W033,9,-33
N09W036,9,-36
N09W039,9,-39
N09W042,9,-42
N09W045,9,-45
N09W048,9,-48
N09W051,9,-51
N09W054,9,-54
N09W087,9,-87
N09W090,9,-90
N09W093,9,-93
N09W096,9,-96
N09W099,9,-99
N09W102,9,-102
N09W105,9,-105
N09W108,9,-108
N09W111,9,-111
N09W114,9,-114
N09W117,9,-117
N09W120,9,-120
N09W123,9,-123
N09W126,9,-126
N09W129,9,-129
N09W132,9,-132
N09W135,9,-135
N09W138,9,-138
N09W141,9,-141
N09W144,9,-144
N09W147,9,-147
N09W150,9,-150
N09W153,9,-153
N09W156,9,-156
N09W159,9,-159
N09W162,9,-162
N09W165,9,-165
N09W171,9,-171
N09W168,9,-168
N09W174,9,-174
N09W177,9,-177
N09W180,9,-180
N12E054,12,54
N12E057,12,57
N12E060,12,60
N12E063,12,63
N12E066,12,66
N12E069,12,69
N12E081,12,81
N12E084,12,84
N12E087,12,87
N12E129,12,129
N12E132,12,132
N12E135,12,135
N12E141,12,141
N12E144,12,144
N12E147,12,147
N12E150,12,150
N12E153,12,153
N12E156,12,156
N12E171,12,171
N12E174,12,174
N12E177,12,177
N12W021,12,-21
N12W024,12,-24
N12W027,12,-27
N12W030,12,-30
N12W033,12,-33
N12W036,12,-36
N12W039,12,-39
N12W042,12,-42
N12W045,12,-45
N12W048,12,-48
N12W051,12,-51
N12W054,12,-54
N12W057,12,-57
N12W060,12,-60
N12W090,12,-90
N12W093,12,-93
N12W096,12,-96
N12W099,12,-99
N12W102,12,-102
N12W105,12,-105
N12W108,12,-108
N12W114,12,-114
N12W117,12,-117
N12W120,12,-120
N12W123,12,-123
N12W126,12,-126
N12W129,12,-129
N12W132,12,-132
N12W135,12,-135
N12W138,12,-138
N12W141,12,-141
N12W144,12,-144
N12W147,12,-147
N12W150,12,-150
N12W153,12,-153
N12W156,12,-156
N12W159,12,-159
N12W162,12,-162
N12W165,12,-165
N12W168,12,-168
N12W171,12,-171
N12W174,12,-174
N12W177,12,-177
N12W180,12,-180
N15E057,15,57
N15E060,15,60
N15E063,15,63
N15E066,15,66
N15E069,15,69
N15E081,15,81
N15E084,15,84
N15E087,15,87
N15E111,15,111
N15E114,15,114
N15E126,15,126
N15E129,15,129
N15E132,15,132
N15E135,15,135
N15E138,15,138
N15E141,15,141
N15E147,15,147
N15E150,15,150
N15E156,15,156
N15E153,15,153
N15E159,15,159
N15E162,15,162
N15E165,15,165
N15E171,15,171
N15E174,15,174
N15E177,15,177
N15W021,15,-21
N15W030,15,-30
N15W033,15,-33
N15W036,15,-36
N15W039,15,-39
N15W042,15,-42
N15W045,15,-45
N15W048,15,-48
N15W051,15,-51
N15W054,15,-54
N15W057,15,-57
N15W066,15,-66
N15W078,15,-78
N15W096,15,-96
N15W105,15,-105
N15W099,15,-99
N15W108,15,-108
N15W102,15,-102
N15W114,15,-114
N15W111,15,-111
N15W120,15,-120
N15W117,15,-117
N15W126,15,-126
N15W132,15,-132
N15W123,15,-123
N15W129,15,-129
N15W135,15,-135
N15W138,15,-138
N15W141,15,-141
N15W144,15,-144
N15W147,15,-147
N15W150,15,-150
N15W156,15,-156
N15W153,15,-153
N15W159,15,-159
N15W162,15,-162
N15W165,15,-165
N15W168,15,-168
N15W171,15,-171
N15W174,15,-174
N15W177,15,-177
N15W180,15,-180
N18E057,18,57
N18E066,18,66
N18E060,18,60
N18E063,18,63
N18E069,18,69
N18E084,18,84
N18E087,18,87
N18E090,18,90
N18E114,18,114
N18E123,18,123
N18E126,18,126
N18E129,18,129
N18E132,18,132
N18E135,18,135
N18E138,18,138
N18E141,18,141
N18E150,18,150
N18E147,18,147
N18E153,18,153
N18E156,18,156
N18E162,18,162
N18E159,18,159
N18E165,18,165
N18E168,18,168
N18E171,18,171
N18E174,18,174
N18E177,18,177
N18W021,18,-21
N18W030,18,-30
N18W033,18,-33
N18W036,18,-36
N18W039,18,-39
N18W042,18,-42
N18W045,18,-45
N18W048,18,-48
N18W051,18,-51
N18W054,18,-54
N18W057,18,-57
N18W060,18,-60
N18W075,18,-75
N18W108,18,-108
N18W114,18,-114
N18W111,18,-111
N18W117,18,-117
N18W120,18,-120
N18W126,18,-126
N18W129,18,-129
N18W123,18,-123
N18W132,18,-132
N18W135,18,-135
N18W138,18,-138
N18W141,18,-141
N18W144,18,-144
N18W150,18,-150
N18W147,18,-147
N18W153,18,-153
N18W156,18,-156
N18W159,18,-159
N18W165,18,-165
N18W162,18,-162
N18W168,18,-168
N18W171,18,-171
N18W177,18,-177
N18W174,18,-174
N18W180,18,-180
N21E060,21,60
N21E063,21,63
N21E066,21,66
N21E117,21,117
N21E126,21,126
N21E123,21,123
N21E129,21,129
N21E132,21,132
N21E135,21,135
N21E138,21,138
N21E141,21,141
N21E147,21,147
N21E150,21,150
N21E156,21,156
N21E153,21,153
N21E159,21,159
N21E162,21,162
N21E165,21,165
N21E171,21,171
N21E168,21,168
N21E174,21,174
N21E177,21,177
N21W024,21,-24
N21W021,21,-21
N21W027,21,-27
N21W030,21,-30
N21W036,21,-36
N21W033,21,-33
N21W039,21,-39
N21W042,21,-42
N21W045,21,-45
N21W048,21,-48
N21W051,21,-51
N21W054,21,-54
N21W060,21,-60
N21W057,21,-57
N21W117,21,-117
N21W123,21,-123
N21W120,21,-120
N21W126,21,-126
N21W129,21,-129
N21W132,21,-132
N21W135,21,-135
N21W138,21,-138
N21W141,21,-141
N21W147,21,-147
N21W144,21,-144
N21W150,21,-150
N21W153,21,-153
N21W165,21,-165
N21W162,21,-162
N21W171,21,-171
N21W168,21,-168
N21W174,21,-174
N21W177,21,-177
N21W180,21,-180
N24E060,24,60
N24E063,24,63
N24E123,24,123
N24E126,24,126
N24E129,24,129
N24E132,24,132
N24E135,24,135
N24E138,24,138
N24E141,24,141
N24E147,24,147
N24E144,24,144
N24E150,24,150
N24E153,24,153
N24E156,24,156
N24E159,24,159
N24E162,24,162
N24E165,24,165
N24E168,24,168
N24E171,24,171
N24E174,24,174
N24E177,24,177
N24W021,24,-21
N24W024,24,-24
N24W030,24,-30
N24W027,24,-27
N24W033,24,-33
N24W039,24,-39
N24W042,24,-42
N24W036,24,-36
N24W045,24,-45
N24W048,24,-48
N24W054,24,-54
N24W051,24,-51
N24W057,24,-57
N24W060,24,-60
N24W063,24,-63
N24W066,24,-66
N24W069,24,-69
N24W096,24,-96
N24W114,24,-114
N24W117,24,-117
N24W120,24,-120
N24W123,24,-123
N24W126,24,-126
N24W129,24,-129
N24W132,24,-132
N24W135,24,-135
N24W138,24,-138
N24W141,24,-141
N24W144,24,-144
N24W150,24,-150
N24W147,24,-147
N24W153,24,-153
N24W156,24,-156
N24W165,24,-165
N24W168,24,-168
N24W171,24,-171
N24W174,24,-174
N24W177,24,-177
N24W180,24,-180
N27E132,27,132
N27E135,27,135
N27E138,27,138
N27E144,27,144
N27E147,27,147
N27E150,27,150
N27E153,27,153
N27E156,27,156
N27E159,27,159
N27E162,27,162
N27E165,27,165
N27E168,27,168
N27E171,27,171
N27E174,27,174
N27E177,27,177
N27W021,27,-21
N27W024,27,-24
N27W027,27,-27
N27W030,27,-30
N27W033,27,-33
N27W036,27,-36
N27W039,27,-39
N27W042,27,-42
N27W045,27,-45
N27W048,27,-48
N27W051,27,-51
N27W054,27,-54
N27W057,27,-57
N27W060,27,-60
N27W063,27,-63
N27W066,27,-66
N27W069,27,-69
N27W072,27,-72
N27W087,27,-87
N27W090,27,-90
N27W093,27,-93
N27W096,27,-96
N27W120,27,-120
N27W123,27,-123
N27W126,27,-126
N27W129,27,-129
N27W132,27,-132
N27W135,27,-135
N27W138,27,-138
N27W141,27,-141
N27W144,27,-144
N27W147,27,-147
N27W150,27,-150
N27W153,27,-153
N27W156,27,-156
N27W159,27,-159
N27W162,27,-162
N27W165,27,-165
N27W168,27,-168
N27W171,27,-171
N27W174,27,-174
N27W177,27,-177
N27W180,27,-180
N30E123,30,123
N30E132,30,132
N30E135,30,135
N30E138,30,138
N30E144,30,144
N30E147,30,147
N30E150,30,150
N30E153,30,153
N30E156,30,156
N30E159,30,159
N30E162,30,162
N30E165,30,165
N30E168,30,168
N30E171,30,171
N30E174,30,174
N30E177,30,177
N30W024,30,-24
N30W027,30,-27
N30W030,30,-30
N30W033,30,-33
N30W036,30,-36
N30W039,30,-39
N30W042,30,-42
N30W045,30,-45
N30W048,30,-48
N30W051,30,-51
N30W054,30,-54
N30W057,30,-57
N30W060,30,-60
N30W063,30,-63
N30W066,30,-66
N30W069,30,-69
N30W072,30,-72
N30W075,30,-75
N30W123,30,-123
N30W126,30,-126
N30W129,30,-129
N30W132,30,-132
N30W135,30,-135
N30W138,30,-138
N30W141,30,-141
N30W144,30,-144
N30W147,30,-147
N30W150,30,-150
N30W153,30,-153
N30W156,30,-156
N30W159,30,-159
N30W162,30,-162
N30W165,30,-165
N30W168,30,-168
N30W171,30,-171
N30W174,30,-174
N30W177,30,-177
N30W180,30,-180
N33E135,33,135
N33E141,33,141
N33E144,33,144
N33E147,33,147
N33E150,33,150
N33E153,33,153
N33E156,33,156
N33E159,33,159
N33E162,33,162
N33E165,33,165
N33E168,33,168
N33E171,33,171
N33E174,33,174
N33E177,33,177
N33W015,33,-15
N33W021,33,-21
N33W024,33,-24
N33W027,33,-27
N33W030,33,-30
N33W033,33,-33
N33W036,33,-36
N33W039,33,-39
N33W042,33,-42
N33W045,33,-45
N33W048,33,-48
N33W051,33,-51
N33W054,33,-54
N33W057,33,-57
N33W060,33,-60
N33W063,33,-63
N33W069,33,-69
N33W072,33,-72
N33W075,33,-75
N33W078,33,-78
N33W123,33,-123
N33W126,33,-126
N33W129,33,-129
N33W132,33,-132
N33W135,33,-135
N33W138,33,-138
N33W141,33,-141
N33W144,33,-144
N33W147,33,-147
N33W150,33,-150
N33W156,33,-156
N33W153,33,-153
N33W159,33,-159
N33W162,33,-162
N33W165,33,-165
N33W168,33,-168
N33W171,33,-171
N33W174,33,-174
N33W177,33,-177
N33W180,33,-180
N36E015,36,15
N36E018,36,18
N36E141,36,141
N36E144,36,144
N36E150,36,150
N36E147,36,147
N36E153,36,153
N36E156,36,156
N36E162,36,162
N36E165,36,165
N36E159,36,159
N36E168,36,168
N36E171,36,171
N36E177,36,177
N36E174,36,174
N36W012,36,-12
N36W015,36,-15
N36W021,36,-21
N36W024,36,-24
N36W027,36,-27
N36W030,36,-30
N36W033,36,-33
N36W036,36,-36
N36W039,36,-39
N36W042,36,-42
N36W045,36,-45
N36W048,36,-48
N36W051,36,-51
N36W054,36,-54
N36W057,36,-57
N36W060,36,-60
N36W063,36,-63
N36W066,36,-66
N36W069,36,-69
N36W072,36,-72
N36W075,36,-75
N36W126,36,-126
N36W129,36,-129
N36W135,36,-135
N36W132,36,-132
N36W138,36,-138
N36W141,36,-141
N36W144,36,-144
N36W147,36,-147
N36W150,36,-150
N36W153,36,-153
N36W156,36,-156
N36W159,36,-159
N36W162,36,-162
N36W165,36,-165
N36W171,36,-171
N36W168,36,-168
N36W177,36,-177
N36W174,36,-174
N36W180,36,-180
N39E144,39,144
N39E147,39,147
N39E150,39,150
N39E153,39,153
N39E156,39,156
N39E159,39,159
N39E162,39,162
N39E165,39,165
N39E168,39,168
N39E171,39,171
N39E174,39,174
N39E177,39,177
N39W015,39,-15
N39W018,39,-18
N39W021,39,-21
N39W024,39,-24
N39W033,39,-33
N39W036,39,-36
N39W039,39,-39
N39W042,39,-42
N39W045,39,-45
N39W048,39,-48
N39W051,39,-51
N39W054,39,-54
N39W060,39,-60
N39W057,39,-57
N39W063,39,-63
N39W066,39,-66
N39W069,39,-69
N39W072,39,-72
N39W129,39,-129
N39W132,39,-132
N39W135,39,-135
N39W138,39,-138
N39W141,39,-141
N39W144,39,-144
N39W147,39,-147
N39W150,39,-150
N39W153,39,-153
N39W156,39,-156
N39W159,39,-159
N39W162,39,-162
N39W165,39,-165
N39W168,39,-168
N39W171,39,-171
N39W174,39,-174
N39W177,39,-177
N39W180,39,-180
N42E132,42,132
N42E135,42,135
N42E144,42,144
N42E147,42,147
N42E150,42,150
N42E153,42,153
N42E156,42,156
N42E159,42,159
N42E162,42,162
N42E165,42,165
N42E168,42,168
N42E171,42,171
N42E174,42,174
N42E177,42,177
N42W015,42,-15
N42W018,42,-18
N42W021,42,-21
N42W024,42,-24
N42W027,42,-27
N42W036,42,-36
N42W039,42,-39
N42W042,42,-42
N42W045,42,-45
N42W048,42,-48
N42W051,42,-51
N42W054,42,-54
N42W057,42,-57
N42W060,42,-60
N42W063,42,-63
N42W066,42,-66
N42W069,42,-69
N42W129,42,-129
N42W132,42,-132
N42W135,42,-135
N42W138,42,-138
N42W144,42,-144
N42W141,42,-141
N42W147,42,-147
N42W150,42,-150
N42W153,42,-153
N42W156,42,-156
N42W159,42,-159
N42W162,42,-162
N42W165,42,-165
N42W168,42,-168
N42W174,42,-174
N42W171,42,-171
N42W180,42,-180
N42W177,42,-177
N45E030,45,30
N45E150,45,150
N45E153,45,153
N45E159,45,159
N45E156,45,156
N45E162,45,162
N45E165,45,165
N45E168,45,168
N45E171,45,171
N45E174,45,174
N45E177,45,177
N45W015,45,-15
N45W024,45,-24
N45W021,45,-21
N45W018,45,-18
N45W027,45,-27
N45W030,45,-30
N45W033,45,-33
N45W036,45,-36
N45W039,45,-39
N45W045,45,-45
N45W042,45,-42
N45W048,45,-48
N45W051,45,-51
N45W054,45,-54
N45W057,45,-57
N45W129,45,-129
N45W132,45,-132
N45W135,45,-135
N45W138,45,-138
N45W141,45,-141
N45W144,45,-144
N45W150,45,-150
N45W147,45,-147
N45W156,45,-156
N45W153,45,-153
N45W159,45,-159
N45W162,45,-162
N45W165,45,-165
N45W168,45,-168
N45W171,45,-171
N45W174,45,-174
N45W177,45,-177
N45W180,45,-180
N48E144,48,144
N48E156,48,156
N48E162,48,162
N48E159,48,159
N48E165,48,165
N48E168,48,168
N48E171,48,171
N48E174,48,174
N48E177,48,177
N48W009,48,-9
N48W012,48,-12
N48W015,48,-15
N48W018,48,-18
N48W021,48,-21
N48W024,48,-24
N48W027,48,-27
N48W030,48,-30
N48W039,48,-39
N48W033,48,-33
N48W042,48,-42
N48W036,48,-36
N48W045,48,-45
N48W048,48,-48
N48W051,48,-51
N48W132,48,-132
N48W129,48,-129
N48W135,48,-135
N48W138,48,-138
N48W141,48,-141
N48W144,48,-144
N48W153,48,-153
N48W150,48,-150
N48W147,48,-147
N48W156,48,-156
N48W159,48,-159
N48W162,48,-162
N48W168,48,-168
N48W165,48,-165
N48W171,48,-171
N48W174,48,-174
N48W180,48,-180
N48W177,48,-177
N51E147,51,147
N51E150,51,150
N51E159,51,159
N51E162,51,162
N51E165,51,165
N51E168,51,168
N51E171,51,171
N51E177,51,177
N51E174,51,174
N51W012,51,-12
N51W015,51,-15
N51W021,51,-21
N51W018,51,-18
N51W024,51,-24
N51W027,51,-27
N51W030,51,-30
N51W033,51,-33
N51W039,51,-39
N51W036,51,-36
N51W042,51,-42
N51W045,51,-45
N51W048,51,-48
N51W051,51,-51
N51W135,51,-135
N51W141,51,-141
N51W144,51,-144
N51W138,51,-138
N51W147,51,-147
N51W153,51,-153
N51W150,51,-150
N51W156,51,-156
N51W162,51,-162
N51W159,51,-159
N51W165,51,-165
N51W168,51,-168
N51W171,51,-171
N51W174,51,-174
N51W180,51,-180
N51W177,51,-177
N54E144,54,144
N54E147,54,147
N54E150,54,150
N54E165,54,165
N54E162,54,162
N54E168,54,168
N54W015,54,-15
N54W018,54,-18
N54W021,54,-21
N54W024,54,-24
N54W027,54,-27
N54W030,54,-30
N54W033,54,-33
N54W036,54,-36
N54W039,54,-39
N54W042,54,-42
N54W045,54,-45
N54W051,54,-51
N54W048,54,-48
N54W054,54,-54
N54W138,54,-138
N54W141,54,-141
N54W144,54,-144
N54W147,54,-147
N54W150,54,-150
N54W153,54,-153
N54W156,54,-156
N54W159,54,-159
N54W162,54,-162
N54W165,54,-165
N57E000,57,0
N57E003,57,3
N57E144,57,144
N57E147,57,147
N57E150,57,150
N57E171,57,171
N57E174,57,174
N57E177,57,177
N57W015,57,-15
N57W018,57,-18
N57W024,57,-24
N57W021,57,-21
N57W027,57,-27
N57W030,57,-30
N57W033,57,-33
N57W036,57,-36
N57W039,57,-39
N57W042,57,-42
N57W045,57,-45
N57W048,57,-48
N57W054,57,-54
N57W051,57,-51
N57W144,57,-144
N57W141,57,-141
N57W150,57,-150
N57W147,57,-147
N57W153,57,-153
N57W174,57,-174
N57W177,57,-177
N57W180,57,-180
N60E000,60,0
N60E171,60,171
N60E174,60,174
N60E177,60,177
N60W012,60,-12
N60W015,60,-15
N60W018,60,-18
N60W024,60,-24
N60W021,60,-21
N60W027,60,-27
N60W030,60,-30
N60W033,60,-33
N60W036,60,-36
N60W039,60,-39
N60W042,60,-42
N60W051,60,-51
N60W054,60,-54
N60W057,60,-57
N60W060,60,-60
N60W084,60,-84
N60W087,60,-87
N60W174,60,-174
N60W177,60,-177
N60W180,60,-180
N63E000,63,0
N63W006,63,-6
N63W012,63,-12
N63W015,63,-15
N63W018,63,-18
N63W021,63,-21
N63W024,63,-24
N63W027,63,-27
N63W030,63,-30
N63W033,63,-33
N63W036,63,-36
N63W039,63,-39
N63W054,63,-54
N63W057,63,-57
N63W060,63,-60
N63W063,63,-63
N63W090,63,-90
N63W177,63,-177
N63W180,63,-180
N66E000,66,0
N66E003,66,3
N66W003,66,-3
N66W006,66,-6
N66W009,66,-9
N66W012,66,-12
N66W030,66,-30
N66W033,66,-33
N66W057,66,-57
N66W060,66,-60
N69E000,69,0
N69E003,69,3
N69E006,69,6
N69W006,69,-6
N69W003,69,-3
N69W009,69,-9
N69W012,69,-12
N69W060,69,-60
N72E000,72,0
N72E003,72,3
N72E006,72,6
N72E009,72,9
N72E039,72,39
N72E042,72,42
N72E045,72,45
N72W003,72,-3
N72W006,72,-6
N72W015,72,-15
N72W018,72,-18
N72W021,72,-21
N72W060,72,-60
N72W063,72,-63
N72W066,72,-66
N72W168,72,-168
N72W171,72,-171
N72W174,72,-174
N75E003,75,3
N75E000,75,0
N75E009,75,9
N75E006,75,6
N75E012,75,12
N75E015,75,15
N75E021,75,21
N75E024,75,24
N75E027,75,27
N75E030,75,30
N75E033,75,33
N75E036,75,36
N75E039,75,39
N75E042,75,42
N75E045,75,45
N75E048,75,48
N75E063,75,63
N75E153,75,153
N75E156,75,156
N75E159,75,159
N75E162,75,162
N75E165,75,165
N75E168,75,168
N75E171,75,171
N75E177,75,177
N75E174,75,174
N75W003,75,-3
N75W006,75,-6
N75W009,75,-9
N75W012,75,-12
N75W015,75,-15
N75W063,75,-63
N75W066,75,-66
N75W069,75,-69
N75W072,75,-72
N75W132,75,-132
N75W135,75,-135
N75W138,75,-138
N75W141,75,-141
N75W144,75,-144
N75W147,75,-147
N75W156,75,-156
N75W150,75,-150
N75W153,75,-153
N75W159,75,-159
N75W162,75,-162
N75W165,75,-165
N75W168,75,-168
N75W171,75,-171
N75W174,75,-174
N75W177,75,-177
N75W180,75,-180
N78E000,78,0
N78E003,78,3
N78E006,78,6
N78E009,78,9
N78E027,78,27
N78E030,78,30
N78E033,78,33
N78E036,78,36
N78E042,78,42
N78E039,78,39
N78E045,78,45
N78E048,78,48
N78E051,78,51
N78E072,78,72
N78E078,78,78
N78E075,78,75
N78E114,78,114
N78E117,78,117
N78E120,78,120
N78E123,78,123
N78E126,78,126
N78E129,78,129
N78E132,78,132
N78E153,78,153
N78E156,78,156
N78E159,78,159
N78E162,78,162
N78E165,78,165
N78E168,78,168
N78E171,78,171
N78E174,78,174
N78E177,78,177
N78W003,78,-3
N78W006,78,-6
N78W009,78,-9
N78W012,78,-12
N78W015,78,-15
N78W129,78,-129
N78W132,78,-132
N78W135,78,-135
N78W141,78,-141
N78W144,78,-144
N78W138,78,-138
N78W153,78,-153
N78W147,78,-147
N78W156,78,-156
N78W150,78,-150
N78W159,78,-159
N78W165,78,-165
N78W168,78,-168
N78W162,78,-162
N78W171,78,-171
N78W177,78,-177
N78W174,78,-174
N78W180,78,-180
N81E000,81,0
N81E003,81,3
N81E006,81,6
N81E039,81,39
N81E066,81,66
N81E072,81,72
N81E069,81,69
N81E081,81,81
N81E084,81,84
N81E087,81,87
N81E111,81,111
N81E114,81,114
N81E117,81,117
N81E120,81,120
N81E126,81,126
N81E123,81,123
N81E129,81,129
N81E132,81,132
N81E135,81,135
N81E138,81,138
N81E141,81,141
N81E147,81,147
N81E144,81,144
N81E150,81,150
N81E153,81,153
N81E156,81,156
N81E159,81,159
N81E162,81,162
N81E165,81,165
N81E168,81,168
N81E171,81,171
N81E174,81,174
N81E177,81,177
N81W003,81,-3
N81W006,81,-6
N81W009,81,-9
N81W012,81,-12
N81W120,81,-120
N81W123,81,-123
N81W126,81,-126
N81W129,81,-129
N81W132,81,-132
N81W135,81,-135
N81W138,81,-138
N81W141,81,-141
N81W144,81,-144
N81W147,81,-147
N81W150,81,-150
N81W153,81,-153
N81W156,81,-156
N81W159,81,-159
N81W162,81,-162
N81W165,81,-165
N81W168,81,-168
N81W171,81,-171
N81W174,81,-174
N81W177,81,-177
N81W180,81,-180
N84E000,84,0
N84E003,84,3
N84E006,84,6
N84E009,84,9
N84E012,84,12
N84E015,84,15
N84E018,84,18
N84E021,84,21
N84E024,84,24
N84E027,84,27
N84E030,84,30
N84E033,84,33
N84E039,84,39
N84E036,84,36
N84E042,84,42
N84E045,84,45
N84E066,84,66
N84E069,84,69
N84E072,84,72
N84E075,84,75
N84E081,84,81
N84E084,84,84
N84E099,84,99
N84E102,84,102
N84E105,84,105
N84E108,84,108
N84E111,84,111
N84E114,84,114
N84E117,84,117
N84E120,84,120
N84E123,84,123
N84E126,84,126
N84E129,84,129
N84E132,84,132
N84E135,84,135
N84E138,84,138
N84E141,84,141
N84E144,84,144
N84E147,84,147
N84E150,84,150
N84E153,84,153
N84E156,84,156
N84E159,84,159
N84E162,84,162
N84E165,84,165
N84E168,84,168
N84E171,84,171
N84E174,84,174
N84E177,84,177
N84W003,84,-3
N84W006,84,-6
N84W009,84,-9
N84W099,84,-99
N84W102,84,-102
N84W105,84,-105
N84W108,84,-108
N84W111,84,-111
N84W114,84,-114
N84W117,84,-117
N84W120,84,-120
N84W123,84,-123
N84W126,84,-126
N84W129,84,-129
N84W132,84,-132
N84W135,84,-135
N84W138,84,-138
N84W141,84,-141
N84W144,84,-144
N84W147,84,-147
N84W150,84,-150
N84W153,84,-153
N84W156,84,-156
N84W159,84,-159
N84W162,84,-162
N84W165,84,-165
N84W168,84,-168
N84W171,84,-171
N84W174,84,-174
N84W177,84,-177
N84W180,84,-180
N87E000,87,0
N87E003,87,3
N87E006,87,6
N87E009,87,9
N87E012,87,12
N87E015,87,15
N87E018,87,18
N87E021,87,21
N87E024,87,24
N87E027,87,27
N87E030,87,30
N87E033,87,33
N87E036,87,36
N87E039,87,39
N87E042,87,42
N87E045,87,45
N87E048,87,48
N87E051,87,51
N87E054,87,54
N87E057,87,57
N87E060,87,60
N87E063,87,63
N87E066,87,66
N87E069,87,69
N87E072,87,72
N87E075,87,75
N87E078,87,78
N87E081,87,81
N87E084,87,84
N87E087,87,87
N87E090,87,90
N87E093,87,93
N87E096,87,96
N87E099,87,99
N87E102,87,102
N87E105,87,105
N87E108,87,108
N87E111,87,111
N87E114,87,114
N87E120,87,120
N87E117,87,117
N87E123,87,123
N87E126,87,126
N87E129,87,129
N87E132,87,132
N87E135,87,135
N87E138,87,138
N87E141,87,141
N87E144,87,144
N87E147,87,147
N87E150,87,150
N87E153,87,153
N87E156,87,156
N87E159,87,159
N87E162,87,162
N87E165,87,165
N87E168,87,168
N87E171,87,171
N87E174,87,174
N87E177,87,177
N87W003,87,-3
N87W006,87,-6
N87W009,87,-9
N87W012,87,-12
N87W015,87,-15
N87W018,87,-18
N87W021,87,-21
N87W024,87,-24
N87W027,87,-27
N87W030,87,-30
N87W033,87,-33
N87W036,87,-36
N87W039,87,-39
N87W042,87,-42
N87W045,87,-45
N87W048,87,-48
N87W051,87,-51
N87W054,87,-54
N87W057,87,-57
N87W060,87,-60
N87W063,87,-63
N87W066,87,-66
N87W069,87,-69
N87W072,87,-72
N87W075,87,-75
N87W078,87,-78
N87W081,87,-81
N87W084,87,-84
N87W087,87,-87
N87W090,87,-90
N87W093,87,-93
N87W096,87,-96
N87W099,87,-99
N87W102,87,-102
N87W105,87,-105
N87W108,87,-108
N87W111,87,-111
N87W114,87,-114
N87W117,87,-117
N87W120,87,-120
N87W123,87,-123
N87W126,87,-126
N87W129,87,-129
N87W132,87,-132
N87W135,87,-135
N87W138,87,-138
N87W141,87,-141
N87W147,87,-147
N87W144,87,-144
N87W150,87,-150
N87W153,87,-153
N87W156,87,-156
N87W159,87,-159
N87W162,87,-162
N87W165,87,-165
N87W171,87,-171
N87W168,87,-168
N87W174,87,-174
N87W177,87,-177
N87W180,87,-180
N90E000,90,0
N90E003,90,3
N90E006,90,6
N90E009,90,9
N90E012,90,12
N90E015,90,15
N90E018,90,18
N90E021,90,21
N90E024,90,24
N90E027,90,27
N90E030,90,30
N90E033,90,33
N90E036,90,36
N90E039,90,39
N90E042,90,42
N90E045,90,45
N90E048,90,48
N90E051,90,51
N90E054,90,54
N90E057,90,57
N90E060,90,60
N90E063,90,63
N90E066,90,66
N90E069,90,69
N90E072,90,72
N90E075,90,75
N90E078,90,78
N90E081,90,81
N90E084,90,84
N90E087,90,87
N90E090,90,90
N90E093,90,93
N90E096,90,96
N90E099,90,99
N90E102,90,102
N90E105,90,105
N90E108,90,108
N90E111,90,111
N90E114,90,114
N90E117,90,117
N90E120,90,120
N90E123,90,123
N90E126,90,126
N90E129,90,129
N90E132,90,132
N90E135,90,135
N90E138,90,138
N90E141,90,141
N90E144,90,144
N90E147,90,147
N90E150,90,150
N90E153,90,153
N90E156,90,156
N90E159,90,159
N90E162,90,162
N90E165,90,165
N90E168,90,168
N90E171,90,171
N90E174,90,174
N90E177,90,177
N90W003,90,-3
N90W006,90,-6
N90W009,90,-9
N90W012,90,-12
N90W015,90,-15
N90W018,90,-18
N90W021,90,-21
N90W024,90,-24
N90W027,90,-27
N90W030,90,-30
N90W033,90,-33
N90W036,90,-36
N90W039,90,-39
N90W042,90,-42
N90W045,90,-45
N90W048,90,-48
N90W051,90,-51
N90W054,90,-54
N90W057,90,-57
N90W060,90,-60
N90W063,90,-63
N90W066,90,-66
N90W069,90,-69
N90W072,90,-72
N90W075,90,-75
N90W078,90,-78
N90W081,90,-81
N90W084,90,-84
N90W087,90,-87
N90W090,90,-90
N90W093,90,-93
N90W096,90,-96
N90W099,90,-99
N90W102,90,-102
N90W105,90,-105
N90W108,90,-108
N90W111,90,-111
N90W114,90,-114
N90W117,90,-117
N90W120,90,-120
N90W123,90,-123
N90W126,90,-126
N90W129,90,-129
N90W132,90,-132
N90W135,90,-135
N90W138,90,-138
N90W141,90,-141
N90W144,90,-144
N90W147,90,-147
N90W150,90,-150
N90W153,90,-153
N90W156,90,-156
N90W159,90,-159
N90W162,90,-162
N90W165,90,-165
N90W168,90,-168
N90W171,90,-171
N90W174,90,-174
N90W177,90,-177
N90W180,90,-180
S03E000,-3,0
S03E003,-3,3
S03E006,-3,6
S03E042,-3,42
S03E045,-3,45
S03E048,-3,48
S03E057,-3,57
S03E060,-3,60
S03E063,-3,63
S03E066,-3,66
S03E075,-3,75
S03E078,-3,78
S03E081,-3,81
S03E084,-3,84
S03E087,-3,87
S03E090,-3,90
S03E093,-3,93
S03E096,-3,96
S03E162,-3,162
S03E165,-3,165
S03E168,-3,168
S03E171,-3,171
S03E177,-3,177
S03W003,-3,-3
S03W006,-3,-6
S03W009,-3,-9
S03W012,-3,-12
S03W015,-3,-15
S03W018,-3,-18
S03W021,-3,-21
S03W024,-3,-24
S03W027,-3,-27
S03W030,-3,-30
S03W033,-3,-33
S03W087,-3,-87
S03W090,-3,-90
S03W093,-3,-93
S03W096,-3,-96
S03W099,-3,-99
S03W102,-3,-102
S03W105,-3,-105
S03W108,-3,-108
S03W111,-3,-111
S03W114,-3,-114
S03W117,-3,-117
S03W120,-3,-120
S03W123,-3,-123
S03W126,-3,-126
S03W129,-3,-129
S03W132,-3,-132
S03W135,-3,-135
S03W138,-3,-138
S03W141,-3,-141
S03W144,-3,-144
S03W147,-3,-147
S03W150,-3,-150
S03W153,-3,-153
S03W159,-3,-159
S03W162,-3,-162
S03W165,-3,-165
S03W168,-3,-168
S03W171,-3,-171
S03W177,-3,-177
S03W180,-3,-180
S06E000,-6,0
S06E003,-6,3
S06E006,-6,6
S06E009,-6,9
S06E042,-6,42
S06E045,-6,45
S06E048,-6,48
S06E051,-6,51
S06E054,-6,54
S06E057,-6,57
S06E060,-6,60
S06E063,-6,63
S06E066,-6,66
S06E075,-6,75
S06E078,-6,78
S06E081,-6,81
S06E084,-6,84
S06E087,-6,87
S06E090,-6,90
S06E093,-6,93
S06E096,-6,96
S06E099,-6,99
S06E102,-6,102
S06E165,-6,165
S06E168,-6,168
S06E171,-6,171
S06W003,-6,-3
S06W006,-6,-6
S06W009,-6,-9
S06W012,-6,-12
S06W018,-6,-18
S06W021,-6,-21
S06W024,-6,-24
S06W027,-6,-27
S06W030,-6,-30
S06W033,-6,-33
S06W087,-6,-87
S06W090,-6,-90
S06W093,-6,-93
S06W096,-6,-96
S06W099,-6,-99
S06W102,-6,-102
S06W105,-6,-105
S06W108,-6,-108
S06W111,-6,-111
S06W114,-6,-114
S06W117,-6,-117
S06W120,-6,-120
S06W123,-6,-123
S06W126,-6,-126
S06W129,-6,-129
S06W132,-6,-132
S06W135,-6,-135
S06W138,-6,-138
S06W144,-6,-144
S06W147,-6,-147
S06W150,-6,-150
S06W153,-6,-153
S06W156,-6,-156
S06W162,-6,-162
S06W165,-6,-165
S06W168,-6,-168
S06W171,-6,-171
S06W174,-6,-174
S06W177,-6,-177
S06W180,-6,-180
S09E000,-9,0
S09E003,-9,3
S09E006,-9,6
S09E009,-9,9
S09E054,-9,54
S09E057,-9,57
S09E060,-9,60
S09E063,-9,63
S09E066,-9,66
S09E069,-9,69
S09E072,-9,72
S09E075,-9,75
S09E078,-9,78
S09E081,-9,81
S09E084,-9,84
S09E087,-9,87
S09E090,-9,90
S09E093,-9,93
S09E096,-9,96
S09E099,-9,99
S09E102,-9,102
S09E108,-9,108
S09E111,-9,111
S09E168,-9,168
S09E171,-9,171
S09E174,-9,174
S09W003,-9,-3
S09W006,-9,-6
S09W009,-9,-9
S09W012,-9,-12
S09W015,-9,-15
S09W018,-9,-18
S09W021,-9,-21
S09W024,-9,-24
S09W027,-9,-27
S09W030,-9,-30
S09W033,-9,-33
S09W084,-9,-84
S09W087,-9,-87
S09W090,-9,-90
S09W093,-9,-93
S09W096,-9,-96
S09W099,-9,-99
S09W102,-9,-102
S09W105,-9,-105
S09W108,-9,-108
S09W111,-9,-111
S09W114,-9,-114
S09W117,-9,-117
S09W120,-9,-120
S09W123,-9,-123
S09W126,-9,-126
S09W129,-9,-129
S09W132,-9,-132
S09W135,-9,-135
S09W138,-9,-138
S09W144,-9,-144
S09W147,-9,-147
S09W150,-9,-150
S09W156,-9,-156
S09W162,-9,-162
S09W165,-9,-165
S09W168,-9,-168
S09W171,-9,-171
S09W174,-9,-174
S09W177,-9,-177
S09W180,-9,-180
S12E000,-12,0
S12E003,-12,3
S12E006,-12,6
S12E009,-12,9
S12E051,-12,51
S12E054,-12,54
S12E057,-12,57
S12E060,-12,60
S12E063,-12,63
S12E066,-12,66
S12E069,-12,69
S12E072,-12,72
S12E075,-12,75
S12E078,-12,78
S12E081,-12,81
S12E084,-12,84
S12E087,-12,87
S12E090,-12,90
S12E093,-12,93
S12E096,-12,96
S12E099,-12,99
S12E102,-12,102
S12E105,-12,105
S12E108,-12,108
S12E111,-12,111
S12E114,-12,114
S12E117,-12,117
S12E138,-12,138
S12E147,-12,147
S12E150,-12,150
S12E153,-12,153
S12E156,-12,156
S12E159,-12,159
S12E162,-12,162
S12E171,-12,171
S12W003,-12,-3
S12W006,-12,-6
S12W009,-12,-9
S12W012,-12,-12
S12W015,-12,-15
S12W018,-12,-18
S12W021,-12,-21
S12W024,-12,-24
S12W027,-12,-27
S12W030,-12,-30
S12W033,-12,-33
S12W036,-12,-36
S12W081,-12,-81
S12W084,-12,-84
S12W087,-12,-87
S12W090,-12,-90
S12W093,-12,-93
S12W096,-12,-96
S12W099,-12,-99
S12W102,-12,-102
S12W105,-12,-105
S12W108,-12,-108
S12W111,-12,-111
S12W114,-12,-114
S12W117,-12,-117
S12W120,-12,-120
S12W123,-12,-123
S12W126,-12,-126
S12W129,-12,-129
S12W132,-12,-132
S12W135,-12,-135
S12W138,-12,-138
S12W153,-12,-153
S12W156,-12,-156
S12W159,-12,-159
S12W162,-12,-162
S12W165,-12,-165
S12W168,-12,-168
S15E000,-15,0
S15E003,-15,3
S15E006,-15,6
S15E051,-15,51
S15E057,-15,57
S15E060,-15,60
S15E063,-15,63
S15E066,-15,66
S15E069,-15,69
S15E072,-15,72
S15E078,-15,78
S15E075,-15,75
S15E081,-15,81
S15E084,-15,84
S15E087,-15,87
S15E090,-15,90
S15E093,-15,93
S15E096,-15,96
S15E099,-15,99
S15E102,-15,102
S15E105,-15,105
S15E108,-15,108
S15E111,-15,111
S15E114,-15,114
S15E117,-15,117
S15E153,-15,153
S15E156,-15,156
S15E159,-15,159
S15E162,-15,162
S15E171,-15,171
S15W003,-15,-3
S15W009,-15,-9
S15W012,-15,-12
S15W015,-15,-15
S15W018,-15,-18
S15W021,-15,-21
S15W024,-15,-24
S15W027,-15,-27
S15W030,-15,-30
S15W036,-15,-36
S15W033,-15,-33
S15W081,-15,-81
S15W084,-15,-84
S15W087,-15,-87
S15W090,-15,-90
S15W093,-15,-93
S15W096,-15,-96
S15W099,-15,-99
S15W102,-15,-102
S15W105,-15,-105
S15W108,-15,-108
S15W111,-15,-111
S15W114,-15,-114
S15W117,-15,-117
S15W120,-15,-120
S15W123,-15,-123
S15W126,-15,-126
S15W129,-15,-129
S15W132,-15,-132
S15W135,-15,-135
S15W138,-15,-138
S15W159,-15,-159
S15W162,-15,-162
S15W165,-15,-165
S15W168,-15,-168
S15W171,-15,-171
S18E000,-18,0
S18E003,-18,3
S18E006,-18,6
S18E039,-18,39
S18E051,-18,51
S18E060,-18,60
S18E066,-18,66
S18E069,-18,69
S18E072,-18,72
S18E075,-18,75
S18E078,-18,78
S18E081,-18,81
S18E084,-18,84
S18E087,-18,87
S18E090,-18,90
S18E093,-18,93
S18E096,-18,96
S18E099,-18,99
S18E102,-18,102
S18E105,-18,105
S18E108,-18,108
S18E111,-18,111
S18E153,-18,153
S18E171,-18,171
S18E174,-18,174
S18W003,-18,-3
S18W006,-18,-6
S18W009,-18,-9
S18W012,-18,-12
S18W015,-18,-15
S18W018,-18,-18
S18W021,-18,-21
S18W024,-18,-24
S18W027,-18,-27
S18W030,-18,-30
S18W033,-18,-33
S18W036,-18,-36
S18W039,-18,-39
S18W075,-18,-75
S18W078,-18,-78
S18W081,-18,-81
S18W084,-18,-84
S18W087,-18,-87
S18W090,-18,-90
S18W093,-18,-93
S18W096,-18,-96
S18W099,-18,-99
S18W102,-18,-102
S18W105,-18,-105
S18W108,-18,-108
S18W111,-18,-111
S18W114,-18,-114
S18W117,-18,-117
S18W120,-18,-120
S18W123,-18,-123
S18W126,-18,-126
S18W129,-18,-129
S18W132,-18,-132
S18W135,-18,-135
S18W150,-18,-150
S18W153,-18,-153
S18W156,-18,-156
S18W165,-18,-165
S18W168,-18,-168
S21E000,-21,0
S21E003,-21,3
S21E006,-21,6
S21E009,-21,9
S21E036,-21,36
S21E051,-21,51
S21E057,-21,57
S21E060,-21,60
S21E063,-21,63
S21E066,-21,66
S21E069,-21,69
S21E072,-21,72
S21E075,-21,75
S21E078,-21,78
S21E081,-21,81
S21E084,-21,84
S21E087,-21,87
S21E090,-21,90
S21E093,-21,93
S21E096,-21,96
S21E099,-21,99
S21E102,-21,102
S21E105,-21,105
S21E108,-21,108
S21E156,-21,156
S21E159,-21,159
S21E174,-21,174
S21E177,-21,177
S21W003,-21,-3
S21W006,-21,-6
S21W009,-21,-9
S21W012,-21,-12
S21W015,-21,-15
S21W018,-21,-18
S21W021,-21,-21
S21W024,-21,-24
S21W027,-21,-27
S21W030,-21,-30
S21W033,-21,-33
S21W036,-21,-36
S21W039,-21,-39
S21W075,-21,-75
S21W078,-21,-78
S21W081,-21,-81
S21W084,-21,-84
S21W087,-21,-87
S21W090,-21,-90
S21W093,-21,-93
S21W096,-21,-96
S21W099,-21,-99
S21W102,-21,-102
S21W105,-21,-105
S21W108,-21,-108
S21W111,-21,-111
S21W114,-21,-114
S21W117,-21,-117
S21W120,-21,-120
S21W123,-21,-123
S21W126,-21,-126
S21W129,-21,-129
S21W144,-21,-144
S21W147,-21,-147
S21W165,-21,-165
S21W168,-21,-168
S21W171,-21,-171
S21W174,-21,-174
S24E000,-24,0
S24E003,-24,3
S24E006,-24,6
S24E009,-24,9
S24E036,-24,36
S24E039,-24,39
S24E048,-24,48
S24E051,-24,51
S24E054,-24,54
S24E057,-24,57
S24E060,-24,60
S24E063,-24,63
S24E066,-24,66
S24E069,-24,69
S24E072,-24,72
S24E075,-24,75
S24E078,-24,78
S24E081,-24,81
S24E084,-24,84
S24E087,-24,87
S24E090,-24,90
S24E093,-24,93
S24E096,-24,96
S24E099,-24,99
S24E102,-24,102
S24E105,-24,105
S24E108,-24,108
S24E156,-24,156
S24E159,-24,159
S24E162,-24,162
S24E165,-24,165
S24E168,-24,168
S24E171,-24,171
S24E174,-24,174
S24E177,-24,177
S24W003,-24,-3
S24W006,-24,-6
S24W009,-24,-9
S24W012,-24,-12
S24W015,-24,-15
S24W018,-24,-18
S24W021,-24,-21
S24W024,-24,-24
S24W027,-24,-27
S24W030,-24,-30
S24W033,-24,-33
S24W036,-24,-36
S24W039,-24,-39
S24W042,-24,-42
S24W045,-24,-45
S24W078,-24,-78
S24W075,-24,-75
S24W081,-24,-81
S24W084,-24,-84
S24W087,-24,-87
S24W090,-24,-90
S24W093,-24,-93
S24W096,-24,-96
S24W099,-24,-99
S24W102,-24,-102
S24W105,-24,-105
S24W108,-24,-108
S24W111,-24,-111
S24W114,-24,-114
S24W117,-24,-117
S24W120,-24,-120
S24W123,-24,-123
S24W135,-24,-135
S24W138,-24,-138
S24W141,-24,-141
S24W144,-24,-144
S24W147,-24,-147
S24W150,-24,-150
S24W153,-24,-153
S24W156,-24,-156
S24W159,-24,-159
S24W162,-24,-162
S24W165,-24,-165
S24W168,-24,-168
S24W171,-24,-171
S24W174,-24,-174
S24W180,-24,-180
S24W177,-24,-177
S27E000,-27,0
S27E003,-27,3
S27E009,-27,9
S27E006,-27,6
S27E012,-27,12
S27E033,-27,33
S27E036,-27,36
S27E039,-27,39
S27E042,-27,42
S27E045,-27,45
S27E048,-27,48
S27E051,-27,51
S27E054,-27,54
S27E057,-27,57
S27E060,-27,60
S27E063,-27,63
S27E066,-27,66
S27E069,-27,69
S27E072,-27,72
S27E075,-27,75
S27E078,-27,78
S27E081,-27,81
S27E084,-27,84
S27E087,-27,87
S27E090,-27,90
S27E093,-27,93
S27E096,-27,96
S27E099,-27,99
S27E102,-27,102
S27E105,-27,105
S27E108,-27,108
S27E156,-27,156
S27E159,-27,159
S27E162,-27,162
S27E165,-27,165
S27E168,-27,168
S27E171,-27,171
S27E174,-27,174
S27E177,-27,177
S27W003,-27,-3
S27W006,-27,-6
S27W009,-27,-9
S27W012,-27,-12
S27W015,-27,-15
S27W018,-27,-18
S27W021,-27,-21
S27W024,-27,-24
S27W027,-27,-27
S27W030,-27,-30
S27W033,-27,-33
S27W036,-27,-36
S27W039,-27,-39
S27W042,-27,-42
S27W045,-27,-45
S27W048,-27,-48
S27W075,-27,-75
S27W078,-27,-78
S27W081,-27,-81
S27W084,-27,-84
S27W087,-27,-87
S27W090,-27,-90
S27W093,-27,-93
S27W096,-27,-96
S27W099,-27,-99
S27W102,-27,-102
S27W105,-27,-105
S27W108,-27,-108
S27W114,-27,-114
S27W117,-27,-117
S27W120,-27,-120
S27W123,-27,-123
S27W126,-27,-126
S27W129,-27,-129
S27W132,-27,-132
S27W135,-27,-135
S27W138,-27,-138
S27W141,-27,-141
S27W153,-27,-153
S27W150,-27,-150
S27W156,-27,-156
S27W159,-27,-159
S27W162,-27,-162
S27W165,-27,-165
S27W168,-27,-168
S27W171,-27,-171
S27W174,-27,-174
S27W177,-27,-177
S27W180,-27,-180
S30E000,-30,0
S30E003,-30,3
S30E006,-30,6
S30E009,-30,9
S30E012,-30,12
S30E033,-30,33
S30E036,-30,36
S30E039,-30,39
S30E042,-30,42
S30E045,-30,45
S30E048,-30,48
S30E051,-30,51
S30E054,-30,54
S30E057,-30,57
S30E060,-30,60
S30E063,-30,63
S30E066,-30,66
S30E069,-30,69
S30E072,-30,72
S30E075,-30,75
S30E078,-30,78
S30E081,-30,81
S30E084,-30,84
S30E087,-30,87
S30E090,-30,90
S30E093,-30,93
S30E096,-30,96
S30E099,-30,99
S30E102,-30,102
S30E105,-30,105
S30E108,-30,108
S30E111,-30,111
S30E156,-30,156
S30E159,-30,159
S30E162,-30,162
S30E165,-30,165
S30E168,-30,168
S30E171,-30,171
S30E174,-30,174
S30E177,-30,177
S30W003,-30,-3
S30W006,-30,-6
S30W009,-30,-9
S30W012,-30,-12
S30W015,-30,-15
S30W018,-30,-18
S30W021,-30,-21
S30W024,-30,-24
S30W027,-30,-27
S30W030,-30,-30
S30W033,-30,-33
S30W036,-30,-36
S30W039,-30,-39
S30W042,-30,-42
S30W045,-30,-45
S30W048,-30,-48
S30W075,-30,-75
S30W078,-30,-78
S30W081,-30,-81
S30W084,-30,-84
S30W087,-30,-87
S30W090,-30,-90
S30W093,-30,-93
S30W096,-30,-96
S30W099,-30,-99
S30W102,-30,-102
S30W105,-30,-105
S30W108,-30,-108
S30W111,-30,-111
S30W114,-30,-114
S30W117,-30,-117
S30W120,-30,-120
S30W123,-30,-123
S30W126,-30,-126
S30W129,-30,-129
S30W132,-30,-132
S30W135,-30,-135
S30W138,-30,-138
S30W141,-30,-141
S30W144,-30,-144
S30W147,-30,-147
S30W150,-30,-150
S30W153,-30,-153
S30W156,-30,-156
S30W159,-30,-159
S30W162,-30,-162
S30W165,-30,-165
S30W168,-30,-168
S30W171,-30,-171
S30W174,-30,-174
S30W177,-30,-177
S30W180,-30,-180
S33E000,-33,0
S33E003,-33,3
S33E006,-33,6
S33E009,-33,9
S33E012,-33,12
S33E030,-33,30
S33E033,-33,33
S33E036,-33,36
S33E039,-33,39
S33E042,-33,42
S33E045,-33,45
S33E048,-33,48
S33E051,-33,51
S33E054,-33,54
S33E057,-33,57
S33E060,-33,60
S33E063,-33,63
S33E066,-33,66
S33E069,-33,69
S33E072,-33,72
S33E075,-33,75
S33E078,-33,78
S33E081,-33,81
S33E084,-33,84
S33E087,-33,87
S33E090,-33,90
S33E093,-33,93
S33E096,-33,96
S33E099,-33,99
S33E102,-33,102
S33E105,-33,105
S33E108,-33,108
S33E111,-33,111
S33E126,-33,126
S33E129,-33,129
S33E153,-33,153
S33E156,-33,156
S33E159,-33,159
S33E162,-33,162
S33E165,-33,165
S33E168,-33,168
S33E177,-33,177
S33W003,-33,-3
S33W006,-33,-6
S33W009,-33,-9
S33W012,-33,-12
S33W015,-33,-15
S33W018,-33,-18
S33W021,-33,-21
S33W024,-33,-24
S33W027,-33,-27
S33W030,-33,-30
S33W033,-33,-33
S33W036,-33,-36
S33W039,-33,-39
S33W042,-33,-42
S33W045,-33,-45
S33W048,-33,-48
S33W051,-33,-51
S33W078,-33,-78
S33W084,-33,-84
S33W087,-33,-87
S33W090,-33,-90
S33W093,-33,-93
S33W096,-33,-96
S33W099,-33,-99
S33W102,-33,-102
S33W105,-33,-105
S33W108,-33,-108
S33W111,-33,-111
S33W114,-33,-114
S33W117,-33,-117
S33W120,-33,-120
S33W123,-33,-123
S33W126,-33,-126
S33W129,-33,-129
S33W132,-33,-132
S33W135,-33,-135
S33W138,-33,-138
S33W141,-33,-141
S33W144,-33,-144
S33W147,-33,-147
S33W150,-33,-150
S33W153,-33,-153
S33W156,-33,-156
S33W159,-33,-159
S33W162,-33,-162
S33W165,-33,-165
S33W168,-33,-168
S33W171,-33,-171
S33W174,-33,-174
S33W177,-33,-177
S33W180,-33,-180
S36E000,-36,0
S36E003,-36,3
S36E006,-36,6
S36E009,-36,9
S36E012,-36,12
S36E015,-36,15
S36E018,-36,18
S36E021,-36,21
S36E024,-36,24
S36E027,-36,27
S36E030,-36,30
S36E033,-36,33
S36E036,-36,36
S36E039,-36,39
S36E042,-36,42
S36E045,-36,45
S36E048,-36,48
S36E051,-36,51
S36E054,-36,54
S36E057,-36,57
S36E060,-36,60
S36E063,-36,63
S36E066,-36,66
S36E069,-36,69
S36E072,-36,72
S36E075,-36,75
S36E078,-36,78
S36E081,-36,81
S36E084,-36,84
S36E087,-36,87
S36E090,-36,90
S36E093,-36,93
S36E096,-36,96
S36E099,-36,99
S36E102,-36,102
S36E105,-36,105
S36E108,-36,108
S36E111,-36,111
S36E114,-36,114
S36E117,-36,117
S36E120,-36,120
S36E123,-36,123
S36E126,-36,126
S36E129,-36,129
S36E132,-36,132
S36E153,-36,153
S36E156,-36,156
S36E159,-36,159
S36E162,-36,162
S36E165,-36,165
S36E168,-36,168
S36W003,-36,-3
S36W006,-36,-6
S36W009,-36,-9
S36W012,-36,-12
S36W018,-36,-18
S36W021,-36,-21
S36W024,-36,-24
S36W027,-36,-27
S36W030,-36,-30
S36W033,-36,-33
S36W036,-36,-36
S36W039,-36,-39
S36W042,-36,-42
S36W045,-36,-45
S36W048,-36,-48
S36W051,-36,-51
S36W054,-36,-54
S36W078,-36,-78
S36W081,-36,-81
S36W084,-36,-84
S36W087,-36,-87
S36W090,-36,-90
S36W093,-36,-93
S36W096,-36,-96
S36W099,-36,-99
S36W102,-36,-102
S36W105,-36,-105
S36W108,-36,-108
S36W111,-36,-111
S36W114,-36,-114
S36W117,-36,-117
S36W120,-36,-120
S36W123,-36,-123
S36W126,-36,-126
S36W129,-36,-129
S36W132,-36,-132
S36W135,-36,-135
S36W138,-36,-138
S36W141,-36,-141
S36W144,-36,-144
S36W147,-36,-147
S36W150,-36,-150
S36W153,-36,-153
S36W156,-36,-156
S36W159,-36,-159
S36W162,-36,-162
S36W165,-36,-165
S36W168,-36,-168
S36W171,-36,-171
S36W174,-36,-174
S36W177,-36,-177
S36W180,-36,-180
S39E000,-39,0
S39E003,-39,3
S39E006,-39,6
S39E009,-39,9
S39E012,-39,12
S39E015,-39,15
S39E018,-39,18
S39E021,-39,21
S39E024,-39,24
S39E027,-39,27
S39E030,-39,30
S39E033,-39,33
S39E036,-39,36
S39E039,-39,39
S39E042,-39,42
S39E045,-39,45
S39E048,-39,48
S39E051,-39,51
S39E054,-39,54
S39E057,-39,57
S39E060,-39,60
S39E063,-39,63
S39E066,-39,66
S39E069,-39,69
S39E072,-39,72
S39E075,-39,75
S39E078,-39,78
S39E081,-39,81
S39E084,-39,84
S39E087,-39,87
S39E090,-39,90
S39E093,-39,93
S39E096,-39,96
S39E099,-39,99
S39E102,-39,102
S39E105,-39,105
S39E108,-39,108
S39E111,-39,111
S39E114,-39,114
S39E117,-39,117
S39E120,-39,120
S39E123,-39,123
S39E126,-39,126
S39E129,-39,129
S39E132,-39,132
S39E135,-39,135
S39E138,-39,138
S39E150,-39,150
S39E153,-39,153
S39E156,-39,156
S39E159,-39,159
S39E162,-39,162
S39E165,-39,165
S39E168,-39,168
S39W003,-39,-3
S39W006,-39,-6
S39W009,-39,-9
S39W015,-39,-15
S39W018,-39,-18
S39W021,-39,-21
S39W024,-39,-24
S39W027,-39,-27
S39W030,-39,-30
S39W033,-39,-33
S39W036,-39,-36
S39W039,-39,-39
S39W042,-39,-42
S39W045,-39,-45
S39W048,-39,-48
S39W051,-39,-51
S39W054,-39,-54
S39W057,-39,-57
S39W060,-39,-60
S39W078,-39,-78
S39W084,-39,-84
S39W081,-39,-81
S39W087,-39,-87
S39W090,-39,-90
S39W093,-39,-93
S39W096,-39,-96
S39W099,-39,-99
S39W102,-39,-102
S39W105,-39,-105
S39W108,-39,-108
S39W111,-39,-111
S39W114,-39,-114
S39W117,-39,-117
S39W120,-39,-120
S39W123,-39,-123
S39W126,-39,-126
S39W129,-39,-129
S39W132,-39,-132
S39W135,-39,-135
S39W138,-39,-138
S39W141,-39,-141
S39W144,-39,-144
S39W147,-39,-147
S39W150,-39,-150
S39W153,-39,-153
S39W156,-39,-156
S39W159,-39,-159
S39W162,-39,-162
S39W165,-39,-165
S39W168,-39,-168
S39W171,-39,-171
S39W174,-39,-174
S39W177,-39,-177
S39W180,-39,-180
S42E000,-42,0
S42E003,-42,3
S42E006,-42,6
S42E009,-42,9
S42E012,-42,12
S42E015,-42,15
S42E018,-42,18
S42E021,-42,21
S42E024,-42,24
S42E027,-42,27
S42E030,-42,30
S42E033,-42,33
S42E036,-42,36
S42E039,-42,39
S42E042,-42,42
S42E045,-42,45
S42E048,-42,48
S42E051,-42,51
S42E054,-42,54
S42E057,-42,57
S42E060,-42,60
S42E063,-42,63
S42E066,-42,66
S42E069,-42,69
S42E072,-42,72
S42E075,-42,75
S42E078,-42,78
S42E081,-42,81
S42E084,-42,84
S42E087,-42,87
S42E090,-42,90
S42E093,-42,93
S42E096,-42,96
S42E099,-42,99
S42E102,-42,102
S42E105,-42,105
S42E108,-42,108
S42E111,-42,111
S42E114,-42,114
S42E117,-42,117
S42E120,-42,120
S42E123,-42,123
S42E126,-42,126
S42E129,-42,129
S42E132,-42,132
S42E135,-42,135
S42E138,-42,138
S42E141,-42,141
S42E150,-42,150
S42E153,-42,153
S42E156,-42,156
S42E159,-42,159
S42E162,-42,162
S42E177,-42,177
S42W003,-42,-3
S42W006,-42,-6
S42W009,-42,-9
S42W012,-42,-12
S42W015,-42,-15
S42W018,-42,-18
S42W021,-42,-21
S42W024,-42,-24
S42W027,-42,-27
S42W030,-42,-30
S42W033,-42,-33
S42W036,-42,-36
S42W039,-42,-39
S42W042,-42,-42
S42W045,-42,-45
S42W048,-42,-48
S42W051,-42,-51
S42W054,-42,-54
S42W057,-42,-57
S42W060,-42,-60
S42W063,-42,-63
S42W081,-42,-81
S42W084,-42,-84
S42W087,-42,-87
S42W090,-42,-90
S42W093,-42,-93
S42W096,-42,-96
S42W099,-42,-99
S42W102,-42,-102
S42W105,-42,-105
S42W108,-42,-108
S42W111,-42,-111
S42W114,-42,-114
S42W117,-42,-117
S42W120,-42,-120
S42W123,-42,-123
S42W126,-42,-126
S42W129,-42,-129
S42W132,-42,-132
S42W135,-42,-135
S42W138,-42,-138
S42W141,-42,-141
S42W147,-42,-147
S42W144,-42,-144
S42W150,-42,-150
S42W153,-42,-153
S42W156,-42,-156
S42W159,-42,-159
S42W162,-42,-162
S42W165,-42,-165
S42W168,-42,-168
S42W171,-42,-171
S42W174,-42,-174
S42W180,-42,-180
S45E000,-45,0
S45E003,-45,3
S45E006,-45,6
S45E009,-45,9
S45E012,-45,12
S45E015,-45,15
S45E018,-45,18
S45E024,-45,24
S45E021,-45,21
S45E027,-45,27
S45E030,-45,30
S45E033,-45,33
S45E039,-45,39
S45E042,-45,42
S45E045,-45,45
S45E054,-45,54
S45E057,-45,57
S45E060,-45,60
S45E063,-45,63
S45E066,-45,66
S45E069,-45,69
S45E072,-45,72
S45E075,-45,75
S45E078,-45,78
S45E081,-45,81
S45E084,-45,84
S45E087,-45,87
S45E090,-45,90
S45E093,-45,93
S45E096,-45,96
S45E099,-45,99
S45E102,-45,102
S45E105,-45,105
S45E108,-45,108
S45E111,-45,111
S45E114,-45,114
S45E117,-45,117
S45E120,-45,120
S45E123,-45,123
S45E126,-45,126
S45E129,-45,129
S45E132,-45,132
S45E135,-45,135
S45E138,-45,138
S45E141,-45,141
S45E144,-45,144
S45E147,-45,147
S45E150,-45,150
S45E153,-45,153
S45E156,-45,156
S45E159,-45,159
S45E162,-45,162
S45E174,-45,174
S45E177,-45,177
S45W003,-45,-3
S45W006,-45,-6
S45W009,-45,-9
S45W012,-45,-12
S45W015,-45,-15
S45W018,-45,-18
S45W021,-45,-21
S45W024,-45,-24
S45W027,-45,-27
S45W030,-45,-30
S45W033,-45,-33
S45W036,-45,-36
S45W039,-45,-39
S45W042,-45,-42
S45W045,-45,-45
S45W048,-45,-48
S45W051,-45,-51
S45W054,-45,-54
S45W057,-45,-57
S45W081,-45,-81
S45W084,-45,-84
S45W087,-45,-87
S45W090,-45,-90
S45W093,-45,-93
S45W096,-45,-96
S45W099,-45,-99
S45W102,-45,-102
S45W108,-45,-108
S45W105,-45,-105
S45W111,-45,-111
S45W114,-45,-114
S45W120,-45,-120
S45W123,-45,-123
S45W117,-45,-117
S45W126,-45,-126
S45W129,-45,-129
S45W132,-45,-132
S45W135,-45,-135
S45W138,-45,-138
S45W141,-45,-141
S45W147,-45,-147
S45W144,-45,-144
S45W150,-45,-150
S45W153,-45,-153
S45W156,-45,-156
S45W159,-45,-159
S45W162,-45,-162
S45W165,-45,-165
S45W168,-45,-168
S45W171,-45,-171
S45W174,-45,-174
S45W177,-45,-177
S45W180,-45,-180
S48E000,-48,0
S48E003,-48,3
S48E006,-48,6
S48E009,-48,9
S48E012,-48,12
S48E015,-48,15
S48E018,-48,18
S48E021,-48,21
S48E024,-48,24
S48E027,-48,27
S48E030,-48,30
S48E033,-48,33
S48E036,-48,36
S48E039,-48,39
S48E042,-48,42
S48E045,-48,45
S48E048,-48,48
S48E051,-48,51
S48E054,-48,54
S48E057,-48,57
S48E060,-48,60
S48E063,-48,63
S48E072,-48,72
S48E075,-48,75
S48E078,-48,78
S48E081,-48,81
S48E084,-48,84
S48E087,-48,87
S48E090,-48,90
S48E093,-48,93
S48E096,-48,96
S48E099,-48,99
S48E102,-48,102
S48E105,-48,105
S48E108,-48,108
S48E111,-48,111
S48E114,-48,114
S48E117,-48,117
S48E120,-48,120
S48E123,-48,123
S48E126,-48,126
S48E129,-48,129
S48E132,-48,132
S48E135,-48,135
S48E138,-48,138
S48E141,-48,141
S48E144,-48,144
S48E147,-48,147
S48E150,-48,150
S48E153,-48,153
S48E156,-48,156
S48E159,-48,159
S48E162,-48,162
S48E168,-48,168
S48E171,-48,171
S48E174,-48,174
S48E177,-48,177
S48W003,-48,-3
S48W006,-48,-6
S48W009,-48,-9
S48W012,-48,-12
S48W015,-48,-15
S48W018,-48,-18
S48W021,-48,-21
S48W024,-48,-24
S48W027,-48,-27
S48W030,-48,-30
S48W033,-48,-33
S48W036,-48,-36
S48W039,-48,-39
S48W042,-48,-42
S48W045,-48,-45
S48W048,-48,-48
S48W051,-48,-51
S48W054,-48,-54
S48W057,-48,-57
S48W060,-48,-60
S48W081,-48,-81
S48W084,-48,-84
S48W087,-48,-87
S48W090,-48,-90
S48W093,-48,-93
S48W096,-48,-96
S48W099,-48,-99
S48W102,-48,-102
S48W105,-48,-105
S48W108,-48,-108
S48W111,-48,-111
S48W114,-48,-114
S48W117,-48,-117
S48W123,-48,-123
S48W120,-48,-120
S48W126,-48,-126
S48W129,-48,-129
S48W132,-48,-132
S48W135,-48,-135
S48W138,-48,-138
S48W141,-48,-141
S48W147,-48,-147
S48W144,-48,-144
S48W150,-48,-150
S48W153,-48,-153
S48W159,-48,-159
S48W156,-48,-156
S48W162,-48,-162
S48W165,-48,-165
S48W168,-48,-168
S48W171,-48,-171
S48W174,-48,-174
S48W177,-48,-177
S48W180,-48,-180
S51E000,-51,0
S51E003,-51,3
S51E006,-51,6
S51E009,-51,9
S51E012,-51,12
S51E015,-51,15
S51E018,-51,18
S51E021,-51,21
S51E024,-51,24
S51E027,-51,27
S51E033,-51,33
S51E030,-51,30
S51E036,-51,36
S51E039,-51,39
S51E042,-51,42
S51E045,-51,45
S51E048,-51,48
S51E051,-51,51
S51E054,-51,54
S51E057,-51,57
S51E060,-51,60
S51E063,-51,63
S51E066,-51,66
S51E069,-51,69
S51E075,-51,75
S51E078,-51,78
S51E081,-51,81
S51E084,-51,84
S51E087,-51,87
S51E090,-51,90
S51E093,-51,93
S51E096,-51,96
S51E099,-51,99
S51E102,-51,102
S51E105,-51,105
S51E108,-51,108
S51E111,-51,111
S51E114,-51,114
S51E117,-51,117
S51E120,-51,120
S51E123,-51,123
S51E126,-51,126
S51E129,-51,129
S51E132,-51,132
S51E135,-51,135
S51E138,-51,138
S51E141,-51,141
S51E144,-51,144
S51E147,-51,147
S51E150,-51,150
S51E153,-51,153
S51E156,-51,156
S51E159,-51,159
S51E162,-51,162
S51E171,-51,171
S51E174,-51,174
S51E177,-51,177
S51W003,-51,-3
S51W006,-51,-6
S51W009,-51,-9
S51W015,-51,-15
S51W012,-51,-12
S51W018,-51,-18
S51W021,-51,-21
S51W027,-51,-27
S51W024,-51,-24
S51W030,-51,-30
S51W033,-51,-33
S51W036,-51,-36
S51W042,-51,-42
S51W045,-51,-45
S51W048,-51,-48
S51W051,-51,-51
S51W054,-51,-54
S51W057,-51,-57
S51W066,-51,-66
S51W081,-51,-81
S51W084,-51,-84
S51W087,-51,-87
S51W090,-51,-90
S51W093,-51,-93
S51W096,-51,-96
S51W099,-51,-99
S51W102,-51,-102
S51W108,-51,-108
S51W105,-51,-105
S51W111,-51,-111
S51W114,-51,-114
S51W117,-51,-117
S51W120,-51,-120
S51W123,-51,-123
S51W126,-51,-126
S51W129,-51,-129
S51W135,-51,-135
S51W138,-51,-138
S51W132,-51,-132
S51W141,-51,-141
S51W150,-51,-150
S51W147,-51,-147
S51W144,-51,-144
S51W153,-51,-153
S51W156,-51,-156
S51W159,-51,-159
S51W162,-51,-162
S51W165,-51,-165
S51W168,-51,-168
S51W174,-51,-174
S51W171,-51,-171
S51W177,-51,-177
S51W180,-51,-180
S54E003,-54,3
S54E000,-54,0
S54E006,-54,6
S54E009,-54,9
S54E012,-54,12
S54E015,-54,15
S54E018,-54,18
S54E021,-54,21
S54E024,-54,24
S54E027,-54,27
S54E030,-54,30
S54E033,-54,33
S54E036,-54,36
S54E039,-54,39
S54E042,-54,42
S54E045,-54,45
S54E048,-54,48
S54E051,-54,51
S54E054,-54,54
S54E057,-54,57
S54E060,-54,60
S54E063,-54,63
S54E066,-54,66
S54E069,-54,69
S54E072,-54,72
S54E075,-54,75
S54E078,-54,78
S54E081,-54,81
S54E084,-54,84
S54E087,-54,87
S54E090,-54,90
S54E093,-54,93
S54E096,-54,96
S54E099,-54,99
S54E102,-54,102
S54E105,-54,105
S54E108,-54,108
S54E111,-54,111
S54E114,-54,114
S54E117,-54,117
S54E120,-54,120
S54E123,-54,123
S54E126,-54,126
S54E129,-54,129
S54E132,-54,132
S54E135,-54,135
S54E138,-54,138
S54E141,-54,141
S54E144,-54,144
S54E147,-54,147
S54E150,-54,150
S54E153,-54,153
S54E162,-54,162
S54E165,-54,165
S54E168,-54,168
S54E171,-54,171
S54E174,-54,174
S54E177,-54,177
S54W003,-54,-3
S54W006,-54,-6
S54W009,-54,-9
S54W012,-54,-12
S54W015,-54,-15
S54W018,-54,-18
S54W021,-54,-21
S54W024,-54,-24
S54W027,-54,-27
S54W033,-54,-33
S54W042,-54,-42
S54W045,-54,-45
S54W048,-54,-48
S54W051,-54,-51
S54W054,-54,-54
S54W057,-54,-57
S54W060,-54,-60
S54W063,-54,-63
S54W078,-54,-78
S54W081,-54,-81
S54W084,-54,-84
S54W087,-54,-87
S54W090,-54,-90
S54W093,-54,-93
S54W096,-54,-96
S54W099,-54,-99
S54W102,-54,-102
S54W105,-54,-105
S54W108,-54,-108
S54W111,-54,-111
S54W114,-54,-114
S54W117,-54,-117
S54W120,-54,-120
S54W123,-54,-123
S54W126,-54,-126
S54W129,-54,-129
S54W132,-54,-132
S54W135,-54,-135
S54W138,-54,-138
S54W141,-54,-141
S54W144,-54,-144
S54W147,-54,-147
S54W150,-54,-150
S54W153,-54,-153
S54W156,-54,-156
S54W159,-54,-159
S54W162,-54,-162
S54W165,-54,-165
S54W168,-54,-168
S54W171,-54,-171
S54W174,-54,-174
S54W177,-54,-177
S54W180,-54,-180
S57E000,-57,0
S57E003,-57,3
S57E006,-57,6
S57E009,-57,9
S57E012,-57,12
S57E015,-57,15
S57E021,-57,21
S57E018,-57,18
S57E024,-57,24
S57E027,-57,27
S57E033,-57,33
S57E030,-57,30
S57E036,-57,36
S57E039,-57,39
S57E042,-57,42
S57E045,-57,45
S57E048,-57,48
S57E051,-57,51
S57E054,-57,54
S57E057,-57,57
S57E060,-57,60
S57E063,-57,63
S57E066,-57,66
S57E069,-57,69
S57E072,-57,72
S57E075,-57,75
S57E078,-57,78
S57E081,-57,81
S57E084,-57,84
S57E087,-57,87
S57E090,-57,90
S57E093,-57,93
S57E096,-57,96
S57E099,-57,99
S57E102,-57,102
S57E105,-57,105
S57E108,-57,108
S57E111,-57,111
S57E114,-57,114
S57E117,-57,117
S57E120,-57,120
S57E123,-57,123
S57E126,-57,126
S57E129,-57,129
S57E132,-57,132
S57E135,-57,135
S57E138,-57,138
S57E141,-57,141
S57E144,-57,144
S57E147,-57,147
S57E150,-57,150
S57E153,-57,153
S57E156,-57,156
S57E159,-57,159
S57E162,-57,162
S57E165,-57,165
S57E168,-57,168
S57E171,-57,171
S57E174,-57,174
S57E177,-57,177
S57W003,-57,-3
S57W006,-57,-6
S57W009,-57,-9
S57W015,-57,-15
S57W012,-57,-12
S57W018,-57,-18
S57W021,-57,-21
S57W024,-57,-24
S57W033,-57,-33
S57W039,-57,-39
S57W042,-57,-42
S57W036,-57,-36
S57W045,-57,-45
S57W048,-57,-48
S57W054,-57,-54
S57W051,-57,-51
S57W057,-57,-57
S57W060,-57,-60
S57W063,-57,-63
S57W066,-57,-66
S57W069,-57,-69
S57W072,-57,-72
S57W075,-57,-75
S57W078,-57,-78
S57W081,-57,-81
S57W084,-57,-84
S57W087,-57,-87
S57W090,-57,-90
S57W093,-57,-93
S57W096,-57,-96
S57W102,-57,-102
S57W099,-57,-99
S57W105,-57,-105
S57W108,-57,-108
S57W114,-57,-114
S57W111,-57,-111
S57W117,-57,-117
S57W120,-57,-120
S57W123,-57,-123
S57W126,-57,-126
S57W129,-57,-129
S57W132,-57,-132
S57W135,-57,-135
S57W138,-57,-138
S57W141,-57,-141
S57W144,-57,-144
S57W147,-57,-147
S57W150,-57,-150
S57W153,-57,-153
S57W156,-57,-156
S57W159,-57,-159
S57W162,-57,-162
S57W165,-57,-165
S57W168,-57,-168
S57W171,-57,-171
S57W174,-57,-174
S57W177,-57,-177
S57W180,-57,-180
S60E000,-60,0
S60E003,-60,3
S60E006,-60,6
S60E009,-60,9
S60E012,-60,12
S60E015,-60,15
S60E018,-60,18
S60E021,-60,21
S60E024,-60,24
S60E027,-60,27
S60E030,-60,30
S60E033,-60,33
S60E036,-60,36
S60E039,-60,39
S60E042,-60,42
S60E045,-60,45
S60E048,-60,48
S60E051,-60,51
S60E054,-60,54
S60E057,-60,57
S60E060,-60,60
S60E063,-60,63
S60E066,-60,66
S60E069,-60,69
S60E072,-60,72
S60E075,-60,75
S60E078,-60,78
S60E081,-60,81
S60E084,-60,84
S60E087,-60,87
S60E090,-60,90
S60E093,-60,93
S60E096,-60,96
S60E099,-60,99
S60E102,-60,102
S60E105,-60,105
S60E108,-60,108
S60E111,-60,111
S60E114,-60,114
S60E117,-60,117
S60E120,-60,120
S60E123,-60,123
S60E126,-60,126
S60E129,-60,129
S60E132,-60,132
S60E135,-60,135
S60E138,-60,138
S60E141,-60,141
S60E144,-60,144
S60E147,-60,147
S60E150,-60,150
S60E153,-60,153
S60E156,-60,156
S60E159,-60,159
S60E162,-60,162
S60E165,-60,165
S60E168,-60,168
S60E171,-60,171
S60E174,-60,174
S60E177,-60,177
S60W003,-60,-3
S60W006,-60,-6
S60W009,-60,-9
S60W012,-60,-12
S60W015,-60,-15
S60W018,-60,-18
S60W021,-60,-21
S60W024,-60,-24
S60W027,-60,-27
S60W030,-60,-30
S60W033,-60,-33
S60W036,-60,-36
S60W039,-60,-39
S60W042,-60,-42
S60W051,-60,-51
S60W066,-60,-66
S60W069,-60,-69
S60W072,-60,-72
S60W075,-60,-75
S60W078,-60,-78
S60W081,-60,-81
S60W084,-60,-84
S60W087,-60,-87
S60W090,-60,-90
S60W093,-60,-93
S60W096,-60,-96
S60W099,-60,-99
S60W102,-60,-102
S60W105,-60,-105
S60W108,-60,-108
S60W111,-60,-111
S60W114,-60,-114
S60W117,-60,-117
S60W120,-60,-120
S60W123,-60,-123
S60W126,-60,-126
S60W129,-60,-129
S60W132,-60,-132
S60W135,-60,-135
S60W138,-60,-138
S60W141,-60,-141
S60W144,-60,-144
S60W150,-60,-150
S60W153,-60,-153
S60W156,-60,-156
S60W159,-60,-159
S60W162,-60,-162
S60W165,-60,-165
S60W168,-60,-168
S60W171,-60,-171
S60W174,-60,-174
S60W177,-60,-177
S60W180,-60,-180
S63E000,-63,0
S63E003,-63,3
S63E006,-63,6
S63E009,-63,9
S63E012,-63,12
S63E015,-63,15
S63E018,-63,18
S63E021,-63,21
S63E024,-63,24
S63E027,-63,27
S63E030,-63,30
S63E033,-63,33
S63E036,-63,36
S63E039,-63,39
S63E042,-63,42
S63E045,-63,45
S63E048,-63,48
S63E057,-63,57
S63E060,-63,60
S63E063,-63,63
S63E066,-63,66
S63E069,-63,69
S63E072,-63,72
S63E075,-63,75
S63E078,-63,78
S63E081,-63,81
S63E084,-63,84
S63E087,-63,87
S63E105,-63,105
S63E108,-63,108
S63E114,-63,114
S63E117,-63,117
S63E120,-63,120
S63E123,-63,123
S63E126,-63,126
S63E129,-63,129
S63E135,-63,135
S63E138,-63,138
S63E141,-63,141
S63E144,-63,144
S63E147,-63,147
S63E150,-63,150
S63E153,-63,153
S63E156,-63,156
S63E159,-63,159
S63E162,-63,162
S63E165,-63,165
S63E168,-63,168
S63E171,-63,171
S63E174,-63,174
S63E177,-63,177
S63W003,-63,-3
S63W006,-63,-6
S63W009,-63,-9
S63W012,-63,-12
S63W015,-63,-15
S63W018,-63,-18
S63W021,-63,-21
S63W024,-63,-24
S63W027,-63,-27
S63W030,-63,-30
S63W033,-63,-33
S63W036,-63,-36
S63W039,-63,-39
S63W042,-63,-42
S63W045,-63,-45
S63W048,-63,-48
S63W051,-63,-51
S63W054,-63,-54
S63W072,-63,-72
S63W075,-63,-75
S63W078,-63,-78
S63W081,-63,-81
S63W084,-63,-84
S63W087,-63,-87
S63W090,-63,-90
S63W093,-63,-93
S63W096,-63,-96
S63W099,-63,-99
S63W102,-63,-102
S63W105,-63,-105
S63W108,-63,-108
S63W111,-63,-111
S63W114,-63,-114
S63W117,-63,-117
S63W120,-63,-120
S63W123,-63,-123
S63W126,-63,-126
S63W129,-63,-129
S63W132,-63,-132
S63W135,-63,-135
S63W138,-63,-138
S63W141,-63,-141
S63W144,-63,-144
S63W147,-63,-147
S63W150,-63,-150
S63W153,-63,-153
S63W156,-63,-156
S63W159,-63,-159
S63W162,-63,-162
S63W165,-63,-165
S63W168,-63,-168
S63W171,-63,-171
S63W174,-63,-174
S63W177,-63,-177
S63W180,-63,-180
S66E000,-66,0
S66E003,-66,3
S66E006,-66,6
S66E009,-66,9
S66E012,-66,12
S66E015,-66,15
S66E018,-66,18
S66E021,-66,21
S66E024,-66,24
S66E027,-66,27
S66E036,-66,36
S66E159,-66,159
S66E165,-66,165
S66E168,-66,168
S66E171,-66,171
S66E174,-66,174
S66E177,-66,177
S66W003,-66,-3
S66W006,-66,-6
S66W009,-66,-9
S66W012,-66,-12
S66W015,-66,-15
S66W018,-66,-18
S66W021,-66,-21
S66W024,-66,-24
S66W027,-66,-27
S66W030,-66,-30
S66W033,-66,-33
S66W036,-66,-36
S66W039,-66,-39
S66W042,-66,-42
S66W045,-66,-45
S66W048,-66,-48
S66W051,-66,-51
S66W054,-66,-54
S66W057,-66,-57
S66W060,-66,-60
S66W078,-66,-78
S66W081,-66,-81
S66W084,-66,-84
S66W087,-66,-87
S66W090,-66,-90
S66W096,-66,-96
S66W099,-66,-99
S66W102,-66,-102
S66W105,-66,-105
S66W108,-66,-108
S66W111,-66,-111
S66W114,-66,-114
S66W117,-66,-117
S66W120,-66,-120
S66W123,-66,-123
S66W126,-66,-126
S66W129,-66,-129
S66W132,-66,-132
S66W135,-66,-135
S66W138,-66,-138
S66W141,-66,-141
S66W144,-66,-144
S66W147,-66,-147
S66W150,-66,-150
S66W153,-66,-153
S66W156,-66,-156
S66W159,-66,-159
S66W162,-66,-162
S66W165,-66,-165
S66W168,-66,-168
S66W171,-66,-171
S66W174,-66,-174
S66W177,-66,-177
S69E174,-69,174
S69E177,-69,177
S69W018,-69,-18
S69W021,-69,-21
S69W024,-69,-24
S69W027,-69,-27
S69W030,-69,-30
S69W033,-69,-33
S69W036,-69,-36
S69W039,-69,-39
S69W042,-69,-42
S69W045,-69,-45
S69W048,-69,-48
S69W051,-69,-51
S69W054,-69,-54
S69W057,-69,-57
S69W060,-69,-60
S69W081,-69,-81
S69W084,-69,-84
S69W087,-69,-87
S69W090,-69,-90
S69W093,-69,-93
S69W096,-69,-96
S69W108,-69,-108
S69W111,-69,-111
S69W114,-69,-114
S69W117,-69,-117
S69W120,-69,-120
S69W123,-69,-123
S69W126,-69,-126
S69W129,-69,-129
S69W132,-69,-132
S69W135,-69,-135
S69W138,-69,-138
S69W141,-69,-141
S69W144,-69,-144
S69W147,-69,-147
S69W150,-69,-150
S69W153,-69,-153
S69W156,-69,-156
S69W159,-69,-159
S69W162,-69,-162
S69W165,-69,-165
S69W168,-69,-168
S69W171,-69,-171
S69W174,-69,-174
S69W177,-69,-177
S69W180,-69,-180
S72E171,-72,171
S72E174,-72,174
S72E177,-72,177
S72W030,-72,-30
S72W033,-72,-33
S72W036,-72,-36
S72W039,-72,-39
S72W042,-72,-42
S72W045,-72,-45
S72W051,-72,-51
S72W048,-72,-48
S72W054,-72,-54
S72W057,-72,-57
S72W144,-72,-144
S72W147,-72,-147
S72W150,-72,-150
S72W153,-72,-153
S72W156,-72,-156
S72W159,-72,-159
S72W162,-72,-162
S72W165,-72,-165
S72W168,-72,-168
S72W171,-72,-171
S72W174,-72,-174
S72W177,-72,-177
S72W180,-72,-180
S75W165,-75,-165
S75W168,-75,-168
S75W171,-75,-171
S75W174,-75,-174
